{
  "H1_delta_auc_telotopic_minus_style": 0.44767094319434675,
  "H1_delta_auc_ci95": [
    0.35728450596405126,
    0.5438028623727722
  ],
  "H3_lrt_stat": 17.485600098045154,
  "H3_lrt_p": 0.00015960635602514796
}