{
  "H1_delta_auc_telotopic_minus_style": 0.5,
  "H1_delta_auc_ci95": [
    0.5,
    0.5
  ],
  "H3_lrt_stat": 508.5257510325398,
  "H3_lrt_p": 1.327302550192304e-112
}