{
  "AUC_telotopic_linear": 1.0,
  "AUC_style_only": 0.8401880141010576,
  "AUC_party_line": 0.7079905992949471
}